,NrMedici_Privat,NrMedici_Public,PersonalMediu_privat,PersonalMediu_public,MediciFamilie
NrMedici_Privat,8.048825853914515e-96,4.183933307179614e-62,5.644359088811815e-62,1.2597018595565659e-76,6.520563285870029e-38
NrMedici_Public,3.218665512233769e-57,1.3035514550074668e-76,1.746195419906573e-76,8.24026154383044e-67,5.402207201682441e-62
PersonalMediu_privat,2.0053939562827633e-52,1.8430838100053536e-72,3.251940602498837e-86,3.853430124429817e-57,1.4262737831068178e-71
PersonalMediu_public,1.244487471738587e-47,5.936260029557306e-38,1.0393335934610917e-95,1.795363911028376e-52,9.353012136194056e-67
MediciFamilie,1.303551454967174e-76,4.916063850726932e-62,8.601034138444442e-67,1.9175680820915593e-76,7.111745271941184e-38
